case,ground_truth,prediction,exit_code,timed_out,wall_seconds,label_correct,reference_gates,predicted_gates,gate_tp,gate_fp,gate_fn,gate_precision,gate_recall,gate_f1,format_valid,unknown_gate_ids,score,max_score
design0,TROJANED,TROJANED,0,False,0.13419866500004218,True,71,63,17,46,54,0.2698412698412698,0.23943661971830985,0.2537313432835821,True,0,2.253731343283582,3
design1,TROJANED,TROJANED,0,False,0.07662507999998525,True,24,36,24,12,0,0.6666666666666666,1.0,0.8,True,0,2.8,3
design2,TROJANED,TROJANED,0,False,0.007093078999957925,True,25,43,1,42,24,0.023255813953488372,0.04,0.029411764705882353,True,0,2.0294117647058822,3
design3,TROJANED,TROJANED,0,False,0.03635385799998403,True,128,74,0,74,128,0.0,0.0,0.0,True,0,2.0,3
design4,TROJANED,TROJANED,0,False,0.11301908699999785,True,31,40,5,35,26,0.125,0.16129032258064516,0.14084507042253522,True,0,2.140845070422535,3
design5,TROJANED,NO_TROJAN,0,False,0.014611236000007466,False,41,0,0,0,41,0.0,0.0,0.0,True,0,0.0,3
design6,TROJANED,TROJANED,0,False,0.04775798400004305,True,42,2040,0,2040,42,0.0,0.0,0.0,True,0,2.0,3
design7,TROJANED,TROJANED,0,False,0.10655194100002063,True,85,81,81,0,4,1.0,0.9529411764705882,0.9759036144578314,True,0,2.9759036144578315,3
design8,TROJANED,TROJANED,0,False,0.00290336099999422,True,44,7,2,5,42,0.2857142857142857,0.045454545454545456,0.0784313725490196,True,0,2.0784313725490198,3
design9,TROJANED,TROJANED,0,False,0.3462694479999868,True,2002,18,0,18,2002,0.0,0.0,0.0,True,0,2.0,3
design10,TROJANED,TROJANED,0,False,0.0057459070000049906,True,25,245,15,230,10,0.061224489795918366,0.6,0.1111111111111111,True,0,2.111111111111111,3
design11,TROJANED,TROJANED,0,False,0.025397526999995534,True,42,33,32,1,10,0.9696969696969697,0.7619047619047619,0.8533333333333334,True,0,2.8533333333333335,3
design12,TROJANED,TROJANED,0,False,0.0046679150000272784,True,52,53,0,53,52,0.0,0.0,0.0,True,0,2.0,3
design13,TROJANED,TROJANED,0,False,0.008056966000026478,True,71,17,17,0,54,1.0,0.23943661971830985,0.38636363636363635,True,0,2.3863636363636362,3
design14,TROJANED,NO_TROJAN,0,False,1.0317871549999609,False,5125,0,0,0,5125,0.0,0.0,0.0,True,0,0.0,3
design15,TROJANED,TROJANED,0,False,0.006789925000020958,True,128,77,61,16,67,0.7922077922077922,0.4765625,0.5951219512195122,True,0,2.5951219512195123,3
design16,TROJANED,NO_TROJAN,0,False,0.13506938500000842,False,2003,0,0,0,2003,0.0,0.0,0.0,True,0,0.0,3
design17,TROJANED,TROJANED,0,False,0.006942195000021911,True,22,18,18,0,4,1.0,0.8181818181818182,0.9,True,0,2.9,3
design18,TROJANED,NO_TROJAN,0,False,0.0041739229999961935,False,65,0,0,0,65,0.0,0.0,0.0,True,0,0.0,3
design19,TROJANED,TROJANED,0,False,0.018019465999998374,True,85,25,19,6,66,0.76,0.2235294117647059,0.34545454545454546,True,0,2.3454545454545457,3
design20,NO_TROJAN,NO_TROJAN,0,False,0.04789601799996035,True,0,0,0,0,0,0.0,0.0,0.0,True,0,2.0,2
design21,NO_TROJAN,NO_TROJAN,0,False,0.31252526600002284,True,0,0,0,0,0,0.0,0.0,0.0,True,0,2.0,2
design22,NO_TROJAN,NO_TROJAN,0,False,0.0046162290000211215,True,0,0,0,0,0,0.0,0.0,0.0,True,0,2.0,2
design23,NO_TROJAN,NO_TROJAN,0,False,0.03163622900001428,True,0,0,0,0,0,0.0,0.0,0.0,True,0,2.0,2
design24,NO_TROJAN,NO_TROJAN,0,False,0.005114706999961527,True,0,0,0,0,0,0.0,0.0,0.0,True,0,2.0,2
design25,NO_TROJAN,NO_TROJAN,0,False,0.004991705000009006,True,0,0,0,0,0,0.0,0.0,0.0,True,0,2.0,2
design26,NO_TROJAN,NO_TROJAN,0,False,0.024230907999992723,True,0,0,0,0,0,0.0,0.0,0.0,True,0,2.0,2
design27,NO_TROJAN,NO_TROJAN,0,False,0.03862154799998052,True,0,0,0,0,0,0.0,0.0,0.0,True,0,2.0,2
design28,NO_TROJAN,NO_TROJAN,0,False,0.28370316000001594,True,0,0,0,0,0,0.0,0.0,0.0,True,0,2.0,2
design29,NO_TROJAN,NO_TROJAN,0,False,0.04718941199996607,True,0,0,0,0,0,0.0,0.0,0.0,True,0,2.0,2
design30,TROJANED,TROJANED,0,False,0.0034638619999896036,True,71,56,17,39,54,0.30357142857142855,0.23943661971830985,0.2677165354330709,True,0,2.267716535433071,3
design31,TROJANED,TROJANED,0,False,0.0075423640000167325,True,71,30,0,30,71,0.0,0.0,0.0,True,0,2.0,3
design32,TROJANED,TROJANED,0,False,0.011781694000035259,True,23,11,11,0,12,1.0,0.4782608695652174,0.6470588235294118,True,0,2.6470588235294117,3
design33,TROJANED,TROJANED,0,False,0.010192009999968832,True,23,18,18,0,5,1.0,0.782608695652174,0.8780487804878049,True,0,2.8780487804878048,3
design34,TROJANED,TROJANED,0,False,0.023782453999956488,True,25,25,25,0,0,1.0,1.0,1.0,True,0,3.0,3
design35,TROJANED,TROJANED,0,False,0.01856927099998984,True,25,311,25,286,0,0.08038585209003216,1.0,0.1488095238095238,True,0,2.1488095238095237,3
design36,TROJANED,TROJANED,0,False,0.021474816000022656,True,25,25,25,0,0,1.0,1.0,1.0,True,0,3.0,3
design37,TROJANED,TROJANED,0,False,0.01302399499996909,True,128,102,102,0,26,1.0,0.796875,0.8869565217391304,True,0,2.8869565217391306,3
design38,TROJANED,TROJANED,0,False,0.015784064000001763,True,148,42,42,0,106,1.0,0.28378378378378377,0.4421052631578947,True,0,2.442105263157895,3
design39,TROJANED,TROJANED,0,False,0.01588917100002618,True,148,52,52,0,96,1.0,0.35135135135135137,0.52,True,0,2.52,3
design40,TROJANED,TROJANED,0,False,0.01597358499998336,True,41,48,0,48,41,0.0,0.0,0.0,True,0,2.0,3
design41,TROJANED,TROJANED,0,False,0.01653437599998142,True,41,135,0,135,41,0.0,0.0,0.0,True,0,2.0,3
design42,TROJANED,TROJANED,0,False,0.018072935000020607,True,42,42,0,42,42,0.0,0.0,0.0,True,0,2.0,3
design43,TROJANED,TROJANED,0,False,0.015050977999976567,True,42,97,0,97,42,0.0,0.0,0.0,True,0,2.0,3
design44,TROJANED,TROJANED,0,False,0.01670569999998861,True,85,138,0,138,85,0.0,0.0,0.0,True,0,2.0,3
design45,TROJANED,TROJANED,0,False,0.014516576999994868,True,85,92,0,92,85,0.0,0.0,0.0,True,0,2.0,3
design46,TROJANED,TROJANED,0,False,0.8042473449999648,True,5068,137,0,137,5068,0.0,0.0,0.0,True,0,2.0,3
design47,TROJANED,TROJANED,0,False,0.827611939999997,True,5068,92,0,92,5068,0.0,0.0,0.0,True,0,2.0,3
design48,TROJANED,TROJANED,0,False,0.09964454400000022,True,2002,53,0,53,2002,0.0,0.0,0.0,True,0,2.0,3
design49,TROJANED,TROJANED,0,False,0.11058499299997493,True,2002,92,0,92,2002,0.0,0.0,0.0,True,0,2.0,3
design50,TROJANED,TROJANED,0,False,0.13313844499998595,True,76,58,16,42,60,0.27586206896551724,0.21052631578947367,0.23880597014925373,True,0,2.2388059701492535,3
design51,TROJANED,TROJANED,0,False,0.07751038199995719,True,22,34,22,12,0,0.6470588235294118,1.0,0.7857142857142857,True,0,2.7857142857142856,3
design52,TROJANED,TROJANED,0,False,0.00959291200001644,True,33,54,1,53,32,0.018518518518518517,0.030303030303030304,0.022988505747126436,True,0,2.0229885057471266,3
design53,TROJANED,NO_TROJAN,0,False,0.04539875800003301,False,124,0,0,0,124,0.0,0.0,0.0,True,0,0.0,3
design54,TROJANED,TROJANED,0,False,0.15604253300000437,True,33,42,6,36,27,0.14285714285714285,0.18181818181818182,0.16,True,0,2.16,3
design55,TROJANED,NO_TROJAN,0,False,0.011874061000014535,False,41,0,0,0,41,0.0,0.0,0.0,True,0,0.0,3
design56,TROJANED,TROJANED,0,False,0.03992766299995765,True,25,35,24,11,1,0.6857142857142857,0.96,0.8,True,0,2.8,3
design57,TROJANED,TROJANED,0,False,0.1234485250000148,True,65,31,27,4,38,0.8709677419354839,0.4153846153846154,0.5625,True,0,2.5625,3
design58,TROJANED,TROJANED,0,False,0.00548317400000542,True,38,7,2,5,36,0.2857142857142857,0.05263157894736842,0.08888888888888889,True,0,2.088888888888889,3
design59,TROJANED,NO_TROJAN,0,False,0.41352021700004116,False,2034,0,0,0,2034,0.0,0.0,0.0,True,0,0.0,3
design60,TROJANED,TROJANED,0,False,0.00791230199996562,True,29,264,20,244,9,0.07575757575757576,0.6896551724137931,0.13651877133105803,True,0,2.136518771331058,3
design61,TROJANED,TROJANED,0,False,0.02570053499999858,True,25,33,21,12,4,0.6363636363636364,0.84,0.7241379310344828,True,0,2.7241379310344827,3
design62,TROJANED,TROJANED,0,False,0.006563643999982105,True,51,40,27,13,24,0.675,0.5294117647058824,0.5934065934065934,True,0,2.5934065934065935,3
design63,TROJANED,TROJANED,0,False,0.005698878000032437,True,69,31,15,16,54,0.4838709677419355,0.21739130434782608,0.3,True,0,2.3,3
design64,TROJANED,NO_TROJAN,0,False,1.0492503149999948,False,4951,0,0,0,4951,0.0,0.0,0.0,True,0,0.0,3
design65,TROJANED,TROJANED,0,False,0.006881229999976313,True,117,115,91,24,26,0.7913043478260869,0.7777777777777778,0.7844827586206896,True,0,2.7844827586206895,3
design66,TROJANED,TROJANED,0,False,0.15390446499998234,True,2061,28,0,28,2061,0.0,0.0,0.0,True,0,2.0,3
design67,TROJANED,TROJANED,0,False,0.005293713000014577,True,23,81,0,81,23,0.0,0.0,0.0,True,0,2.0,3
design68,TROJANED,TROJANED,0,False,0.0028725550000103794,True,41,130,16,114,25,0.12307692307692308,0.3902439024390244,0.1871345029239766,True,0,2.1871345029239766,3
design69,TROJANED,TROJANED,0,False,0.023075677000008454,True,65,36,27,9,38,0.75,0.4153846153846154,0.5346534653465347,True,0,2.5346534653465347,3
design70,NO_TROJAN,TROJANED,0,False,0.017906529000015325,False,0,133,0,133,0,0.0,0.0,0.0,True,0,0.0,2
design71,NO_TROJAN,NO_TROJAN,0,False,0.004189125999971566,True,0,0,0,0,0,0.0,0.0,0.0,True,0,2.0,2
design72,NO_TROJAN,NO_TROJAN,0,False,0.5841596420000315,True,0,0,0,0,0,0.0,0.0,0.0,True,0,2.0,2
design73,NO_TROJAN,NO_TROJAN,0,False,0.045616650999988906,True,0,0,0,0,0,0.0,0.0,0.0,True,0,2.0,2
design74,NO_TROJAN,NO_TROJAN,0,False,0.475841813000045,True,0,0,0,0,0,0.0,0.0,0.0,True,0,2.0,2
design75,NO_TROJAN,NO_TROJAN,0,False,0.07121577599997408,True,0,0,0,0,0,0.0,0.0,0.0,True,0,2.0,2
design76,NO_TROJAN,TROJANED,0,False,0.0034291999999709333,False,0,121,0,121,0,0.0,0.0,0.0,True,0,0.0,2
design77,NO_TROJAN,NO_TROJAN,0,False,0.0058413840000071104,True,0,0,0,0,0,0.0,0.0,0.0,True,0,2.0,2
design78,NO_TROJAN,TROJANED,0,False,0.2971296399999801,False,0,71,0,71,0,0.0,0.0,0.0,True,0,0.0,2
design79,NO_TROJAN,NO_TROJAN,0,False,0.17437220400000797,True,0,0,0,0,0,0.0,0.0,0.0,True,0,2.0,2
design80,NO_TROJAN,NO_TROJAN,0,False,0.04100744800001621,True,0,0,0,0,0,0.0,0.0,0.0,True,0,2.0,2
design81,NO_TROJAN,NO_TROJAN,0,False,0.33893915099997685,True,0,0,0,0,0,0.0,0.0,0.0,True,0,2.0,2
design82,NO_TROJAN,NO_TROJAN,0,False,0.004345226999987517,True,0,0,0,0,0,0.0,0.0,0.0,True,0,2.0,2
design83,NO_TROJAN,NO_TROJAN,0,False,0.031430165000017496,True,0,0,0,0,0,0.0,0.0,0.0,True,0,2.0,2
design84,NO_TROJAN,TROJANED,0,False,0.005152712999972664,False,0,43,0,43,0,0.0,0.0,0.0,True,0,0.0,2
design85,NO_TROJAN,NO_TROJAN,0,False,0.0038352619999955095,True,0,0,0,0,0,0.0,0.0,0.0,True,0,2.0,2
design86,NO_TROJAN,NO_TROJAN,0,False,0.03136106199997357,True,0,0,0,0,0,0.0,0.0,0.0,True,0,2.0,2
design87,NO_TROJAN,NO_TROJAN,0,False,0.03374871900001608,True,0,0,0,0,0,0.0,0.0,0.0,True,0,2.0,2
design88,NO_TROJAN,NO_TROJAN,0,False,0.2887952670000118,True,0,0,0,0,0,0.0,0.0,0.0,True,0,2.0,2
design89,NO_TROJAN,NO_TROJAN,0,False,0.0517996219999759,True,0,0,0,0,0,0.0,0.0,0.0,True,0,2.0,2
design90,TROJANED,TROJANED,0,False,0.006754516000000876,True,25,41,1,40,24,0.024390243902439025,0.04,0.030303030303030304,True,0,2.0303030303030303,3
design91,TROJANED,NO_TROJAN,0,False,0.1314455979999707,False,1899,0,0,0,1899,0.0,0.0,0.0,True,0,0.0,3
design92,TROJANED,TROJANED,0,False,0.01132402700000057,True,25,41,1,40,24,0.024390243902439025,0.04,0.030303030303030304,True,0,2.0303030303030303,3
design93,TROJANED,NO_TROJAN,0,False,1.0774111129999824,False,4858,0,0,0,4858,0.0,0.0,0.0,True,0,0.0,3
design94,TROJANED,TROJANED,0,False,0.042950853000036204,True,106,74,1,73,105,0.013513513513513514,0.009433962264150943,0.011111111111111112,True,0,2.011111111111111,3
design95,TROJANED,TROJANED,0,False,0.0070593989999565565,True,28,39,28,11,0,0.717948717948718,1.0,0.835820895522388,True,0,2.835820895522388,3
design96,TROJANED,TROJANED,0,False,0.05008282800002917,True,108,74,1,73,107,0.013513513513513514,0.009259259259259259,0.01098901098901099,True,0,2.010989010989011,3
design97,TROJANED,TROJANED,0,False,0.008222802000034335,True,133,72,60,12,73,0.8333333333333334,0.45112781954887216,0.5853658536585366,True,0,2.5853658536585367,3
design98,TROJANED,TROJANED,0,False,0.00532361599999831,True,25,43,1,42,24,0.023255813953488372,0.04,0.029411764705882353,True,0,2.0294117647058822,3
design99,TROJANED,TROJANED,0,False,0.007293124999989686,True,52,31,22,9,30,0.7096774193548387,0.4230769230769231,0.5301204819277109,True,0,2.5301204819277108,3
design100,TROJANED,TROJANED,0,False,0.12606220800000756,True,77,34,34,0,43,1.0,0.44155844155844154,0.6126126126126126,True,0,2.6126126126126126,3
design101,NO_TROJAN,NO_TROJAN,0,False,0.0038973740000187718,True,0,0,0,0,0,0.0,0.0,0.0,True,0,2.0,2
design102,NO_TROJAN,NO_TROJAN,0,False,0.36691793099998904,True,0,0,0,0,0,0.0,0.0,0.0,True,0,2.0,2
design103,NO_TROJAN,NO_TROJAN,0,False,0.04653458100000307,True,0,0,0,0,0,0.0,0.0,0.0,True,0,2.0,2
design104,NO_TROJAN,NO_TROJAN,0,False,0.00436709999996765,True,0,0,0,0,0,0.0,0.0,0.0,True,0,2.0,2
design105,TROJANED,TROJANED,0,False,0.00717918599997347,True,69,15,15,0,54,1.0,0.21739130434782608,0.35714285714285715,True,0,2.357142857142857,3
design106,TROJANED,NO_TROJAN,0,False,0.023944849000031354,False,52,0,0,0,52,0.0,0.0,0.0,True,0,0.0,3
design107,NO_TROJAN,NO_TROJAN,0,False,0.003901805999987573,True,0,0,0,0,0,0.0,0.0,0.0,True,0,2.0,2
design108,TROJANED,TROJANED,0,False,0.009032219999994595,True,33,45,1,44,32,0.022222222222222223,0.030303030303030304,0.02564102564102564,True,0,2.0256410256410255,3
design109,NO_TROJAN,TROJANED,0,False,0.05410072099999752,False,0,22,0,22,0,0.0,0.0,0.0,True,0,0.0,2
design110,TROJANED,TROJANED,0,False,0.12715728500000978,True,31,35,6,29,25,0.17142857142857143,0.1935483870967742,0.18181818181818182,True,0,2.1818181818181817,3
design111,NO_TROJAN,NO_TROJAN,0,False,0.03830359200003386,True,0,0,0,0,0,0.0,0.0,0.0,True,0,2.0,2
design112,TROJANED,TROJANED,0,False,0.11331904899998335,True,31,58,9,49,22,0.15517241379310345,0.2903225806451613,0.20224719101123595,True,0,2.202247191011236,3
design113,TROJANED,TROJANED,0,False,0.008347547000028044,True,25,245,15,230,10,0.061224489795918366,0.6,0.1111111111111111,True,0,2.111111111111111,3
design114,TROJANED,TROJANED,0,False,0.017733101000033002,True,77,26,20,6,57,0.7692307692307693,0.2597402597402597,0.3883495145631068,True,0,2.3883495145631066,3
design115,NO_TROJAN,NO_TROJAN,0,False,0.03743215600002259,True,0,0,0,0,0,0.0,0.0,0.0,True,0,2.0,2
design116,NO_TROJAN,NO_TROJAN,0,False,0.055710374999989654,True,0,0,0,0,0,0.0,0.0,0.0,True,0,2.0,2
design117,TROJANED,TROJANED,0,False,0.004069663999985096,True,53,148,19,129,34,0.12837837837837837,0.3584905660377358,0.1890547263681592,True,0,2.189054726368159,3
design118,TROJANED,TROJANED,0,False,0.004863536000016211,True,31,43,1,42,30,0.023255813953488372,0.03225806451612903,0.02702702702702703,True,0,2.027027027027027,3
design119,TROJANED,TROJANED,0,False,0.008671011999979328,True,71,17,17,0,54,1.0,0.23943661971830985,0.38636363636363635,True,0,2.3863636363636362,3
design120,NO_TROJAN,TROJANED,0,False,0.2787101810000081,False,0,17,0,17,0,0.0,0.0,0.0,True,0,0.0,2
design121,NO_TROJAN,NO_TROJAN,0,False,0.3302125330000081,True,0,0,0,0,0,0.0,0.0,0.0,True,0,2.0,2
design122,TROJANED,TROJANED,0,False,0.006962935999979436,True,52,28,20,8,32,0.7142857142857143,0.38461538461538464,0.5,True,0,2.5,3
design123,TROJANED,TROJANED,0,False,0.15440450100004455,True,69,60,15,45,54,0.25,0.21739130434782608,0.23255813953488372,True,0,2.2325581395348837,3
design124,TROJANED,TROJANED,0,False,0.12771761499999457,True,31,38,6,32,25,0.15789473684210525,0.1935483870967742,0.17391304347826086,True,0,2.1739130434782608,3
design125,TROJANED,TROJANED,0,False,0.01657800599997472,True,87,45,39,6,48,0.8666666666666667,0.4482758620689655,0.5909090909090909,True,0,2.590909090909091,3
design126,TROJANED,TROJANED,0,False,0.008116835000009814,True,180,66,58,8,122,0.8787878787878788,0.32222222222222224,0.4715447154471545,True,0,2.4715447154471546,3
design127,NO_TROJAN,TROJANED,0,False,0.00451427899997725,False,0,64,0,64,0,0.0,0.0,0.0,True,0,0.0,2
design128,TROJANED,TROJANED,0,False,0.00537633400000459,True,22,66,18,48,4,0.2727272727272727,0.8181818181818182,0.4090909090909091,True,0,2.409090909090909,3
design129,NO_TROJAN,NO_TROJAN,0,False,0.02343915000000152,True,0,0,0,0,0,0.0,0.0,0.0,True,0,2.0,2
design130,TROJANED,TROJANED,0,False,0.1363450910000097,True,31,54,6,48,25,0.1111111111111111,0.1935483870967742,0.1411764705882353,True,0,2.1411764705882352,3
design131,NO_TROJAN,NO_TROJAN,0,False,0.03712349400001358,True,0,0,0,0,0,0.0,0.0,0.0,True,0,2.0,2
design132,NO_TROJAN,NO_TROJAN,0,False,0.45440232199996444,True,0,0,0,0,0,0.0,0.0,0.0,True,0,2.0,2
design133,TROJANED,TROJANED,0,False,0.06394498399998838,True,27,38,27,11,0,0.7105263157894737,1.0,0.8307692307692308,True,0,2.830769230769231,3
design134,NO_TROJAN,TROJANED,0,False,0.0396796649999942,False,0,28,0,28,0,0.0,0.0,0.0,True,0,0.0,2
design135,NO_TROJAN,NO_TROJAN,0,False,0.35911835199999587,True,0,0,0,0,0,0.0,0.0,0.0,True,0,2.0,2
design136,TROJANED,TROJANED,0,False,0.003331355000000258,True,43,7,2,5,41,0.2857142857142857,0.046511627906976744,0.08,True,0,2.08,3
design137,TROJANED,TROJANED,0,False,0.053522404000034385,True,106,38,38,0,68,1.0,0.3584905660377358,0.5277777777777778,True,0,2.5277777777777777,3
design138,TROJANED,NO_TROJAN,0,False,0.13197578300002988,False,82,0,0,0,82,0.0,0.0,0.0,True,0,0.0,3
design139,TROJANED,TROJANED,0,False,0.007352632999982234,True,113,90,66,24,47,0.7333333333333333,0.584070796460177,0.6502463054187192,True,0,2.6502463054187193,3
design140,TROJANED,TROJANED,0,False,0.07104878999996345,True,24,28,24,4,0,0.8571428571428571,1.0,0.9230769230769231,True,0,2.9230769230769234,3
design141,TROJANED,TROJANED,0,False,0.007022064000011596,True,29,50,1,49,28,0.02,0.034482758620689655,0.02531645569620253,True,0,2.0253164556962027,3
design142,TROJANED,TROJANED,0,False,0.0035337949999529883,True,44,143,17,126,27,0.11888111888111888,0.38636363636363635,0.18181818181818182,True,0,2.1818181818181817,3
design143,NO_TROJAN,NO_TROJAN,0,False,0.02922652500001277,True,0,0,0,0,0,0.0,0.0,0.0,True,0,2.0,2
design144,TROJANED,TROJANED,0,False,0.41724865800000543,True,31,40,4,36,27,0.1,0.12903225806451613,0.11267605633802817,True,0,2.112676056338028,3
design145,NO_TROJAN,TROJANED,0,False,0.546709203999967,False,0,34,0,34,0,0.0,0.0,0.0,True,0,0.0,2
design146,NO_TROJAN,NO_TROJAN,0,False,0.47687824400003365,True,0,0,0,0,0,0.0,0.0,0.0,True,0,2.0,2
design147,TROJANED,TROJANED,0,False,0.07270724599999312,True,19,31,19,12,0,0.6129032258064516,1.0,0.76,True,0,2.76,3
design148,TROJANED,TROJANED,0,False,0.0074351750000118955,True,25,40,0,40,25,0.0,0.0,0.0,True,0,2.0,3
design149,NO_TROJAN,NO_TROJAN,0,False,0.0036784700000112025,True,0,0,0,0,0,0.0,0.0,0.0,True,0,2.0,2
design150,TROJANED,TROJANED,0,False,0.14900867300002574,True,69,66,15,51,54,0.22727272727272727,0.21739130434782608,0.2222222222222222,True,0,2.2222222222222223,3
design151,NO_TROJAN,NO_TROJAN,0,False,0.004040852000002815,True,0,0,0,0,0,0.0,0.0,0.0,True,0,2.0,2
design152,TROJANED,TROJANED,0,False,0.11862895499996284,True,75,35,35,0,40,1.0,0.4666666666666667,0.6363636363636364,True,0,2.6363636363636362,3
design153,NO_TROJAN,NO_TROJAN,0,False,0.03921489700002212,True,0,0,0,0,0,0.0,0.0,0.0,True,0,2.0,2
design154,TROJANED,TROJANED,0,False,0.0055615450000345845,True,25,43,1,42,24,0.023255813953488372,0.04,0.029411764705882353,True,0,2.0294117647058822,3
design155,TROJANED,TROJANED,0,False,0.10908892599996989,True,77,38,38,0,39,1.0,0.4935064935064935,0.6608695652173913,True,0,2.660869565217391,3
design156,TROJANED,TROJANED,0,False,0.009485303000019485,True,29,342,19,323,10,0.05555555555555555,0.6551724137931034,0.10242587601078167,True,0,2.1024258760107815,3
design157,TROJANED,TROJANED,0,False,0.01918294000000742,True,77,48,38,10,39,0.7916666666666666,0.4935064935064935,0.608,True,0,2.608,3
design158,TROJANED,TROJANED,0,False,0.13316949099998965,True,1951,35,0,35,1951,0.0,0.0,0.0,True,0,2.0,3
design159,NO_TROJAN,NO_TROJAN,0,False,0.04369204099998569,True,0,0,0,0,0,0.0,0.0,0.0,True,0,2.0,2
design160,TROJANED,TROJANED,0,False,0.006612175999975989,True,25,254,15,239,10,0.05905511811023622,0.6,0.10752688172043011,True,0,2.10752688172043,3
design161,TROJANED,TROJANED,0,False,0.005895192999957999,True,30,55,1,54,29,0.01818181818181818,0.03333333333333333,0.023529411764705882,True,0,2.023529411764706,3
design162,NO_TROJAN,NO_TROJAN,0,False,0.025518805999979577,True,0,0,0,0,0,0.0,0.0,0.0,True,0,2.0,2
design163,NO_TROJAN,NO_TROJAN,0,False,0.30182460600002514,True,0,0,0,0,0,0.0,0.0,0.0,True,0,2.0,2
design164,TROJANED,TROJANED,0,False,0.23442706599996654,True,3004,29,0,29,3004,0.0,0.0,0.0,True,0,2.0,3
design165,TROJANED,TROJANED,0,False,0.0040034909999917545,True,37,163,16,147,21,0.09815950920245399,0.43243243243243246,0.16,True,0,2.16,3
design166,NO_TROJAN,NO_TROJAN,0,False,0.0303894530000548,True,0,0,0,0,0,0.0,0.0,0.0,True,0,2.0,2
design167,TROJANED,TROJANED,0,False,0.002542065999989518,True,44,7,2,5,42,0.2857142857142857,0.045454545454545456,0.0784313725490196,True,0,2.0784313725490198,3
design168,TROJANED,TROJANED,0,False,0.11455565500000375,True,71,58,17,41,54,0.29310344827586204,0.23943661971830985,0.26356589147286824,True,0,2.2635658914728682,3
design169,TROJANED,TROJANED,0,False,0.1408635859999663,True,31,55,7,48,24,0.12727272727272726,0.22580645161290322,0.16279069767441862,True,0,2.1627906976744184,3
design170,TROJANED,TROJANED,0,False,0.044531208000023526,True,106,74,1,73,105,0.013513513513513514,0.009433962264150943,0.011111111111111112,True,0,2.011111111111111,3
design171,TROJANED,TROJANED,0,False,0.020813255000007302,True,77,89,73,16,4,0.8202247191011236,0.948051948051948,0.8795180722891566,True,0,2.8795180722891565,3
design172,TROJANED,TROJANED,0,False,0.003204618000040682,True,41,135,16,119,25,0.11851851851851852,0.3902439024390244,0.18181818181818182,True,0,2.1818181818181817,3
design173,TROJANED,TROJANED,0,False,0.005299756999988858,True,52,49,34,15,18,0.6938775510204082,0.6538461538461539,0.6732673267326733,True,0,2.6732673267326734,3
design174,NO_TROJAN,NO_TROJAN,0,False,0.41072088100003157,True,0,0,0,0,0,0.0,0.0,0.0,True,0,2.0,2
design175,TROJANED,TROJANED,0,False,0.03330852700003106,True,77,26,20,6,57,0.7692307692307693,0.2597402597402597,0.3883495145631068,True,0,2.3883495145631066,3
design176,NO_TROJAN,NO_TROJAN,0,False,0.04019529499998953,True,0,0,0,0,0,0.0,0.0,0.0,True,0,2.0,2
design177,TROJANED,TROJANED,0,False,0.05381005500004221,True,113,1132,16,1116,97,0.014134275618374558,0.1415929203539823,0.02570281124497992,True,0,2.02570281124498,3
design178,TROJANED,TROJANED,0,False,0.0035838200000171128,True,31,146,14,132,17,0.0958904109589041,0.45161290322580644,0.15819209039548024,True,0,2.15819209039548,3
design179,TROJANED,NO_TROJAN,0,False,0.04052003000003879,False,113,0,0,0,113,0.0,0.0,0.0,True,0,0.0,3
design180,NO_TROJAN,TROJANED,0,False,0.03909675199997764,False,0,28,0,28,0,0.0,0.0,0.0,True,0,0.0,2
design181,TROJANED,TROJANED,0,False,0.11274066600003607,True,71,63,17,46,54,0.2698412698412698,0.23943661971830985,0.2537313432835821,True,0,2.253731343283582,3
design182,TROJANED,TROJANED,0,False,0.12478356799999801,True,77,73,73,0,4,1.0,0.948051948051948,0.9733333333333334,True,0,2.9733333333333336,3
design183,TROJANED,TROJANED,0,False,0.0060627419999832455,True,28,90,28,62,0,0.3111111111111111,1.0,0.4745762711864407,True,0,2.4745762711864407,3
design184,NO_TROJAN,TROJANED,0,False,0.00622440199998664,False,0,43,0,43,0,0.0,0.0,0.0,True,0,0.0,2
design185,NO_TROJAN,NO_TROJAN,0,False,0.26646770899998273,True,0,0,0,0,0,0.0,0.0,0.0,True,0,2.0,2
design186,TROJANED,TROJANED,0,False,0.00676587399999562,True,71,25,18,7,53,0.72,0.2535211267605634,0.375,True,0,2.375,3
design187,NO_TROJAN,NO_TROJAN,0,False,0.04350480299996207,True,0,0,0,0,0,0.0,0.0,0.0,True,0,2.0,2
design188,NO_TROJAN,NO_TROJAN,0,False,0.006724973000018508,True,0,0,0,0,0,0.0,0.0,0.0,True,0,2.0,2
design189,TROJANED,TROJANED,0,False,0.007313544999988153,True,22,77,22,55,0,0.2857142857142857,1.0,0.4444444444444444,True,0,2.4444444444444446,3
design190,TROJANED,TROJANED,0,False,0.04393343800001048,True,106,74,1,73,105,0.013513513513513514,0.009433962264150943,0.011111111111111112,True,0,2.011111111111111,3
design191,TROJANED,TROJANED,0,False,0.008522515999970892,True,52,49,34,15,18,0.6938775510204082,0.6538461538461539,0.6732673267326733,True,0,2.6732673267326734,3
design192,NO_TROJAN,NO_TROJAN,0,False,0.0033805289999691013,True,0,0,0,0,0,0.0,0.0,0.0,True,0,2.0,2
design193,TROJANED,NO_TROJAN,0,False,1.7302754990000153,False,6891,0,0,0,6891,0.0,0.0,0.0,True,0,0.0,3
design194,NO_TROJAN,NO_TROJAN,0,False,0.0034043439999891234,True,0,0,0,0,0,0.0,0.0,0.0,True,0,2.0,2
design195,TROJANED,TROJANED,0,False,0.3922481490000109,True,1969,17,0,17,1969,0.0,0.0,0.0,True,0,2.0,3
design196,NO_TROJAN,NO_TROJAN,0,False,0.029565912000009575,True,0,0,0,0,0,0.0,0.0,0.0,True,0,2.0,2
design197,TROJANED,TROJANED,0,False,0.006778151999981219,True,22,57,11,46,11,0.19298245614035087,0.5,0.27848101265822783,True,0,2.278481012658228,3
design198,NO_TROJAN,NO_TROJAN,0,False,0.46423672599996735,True,0,0,0,0,0,0.0,0.0,0.0,True,0,2.0,2
design199,TROJANED,NO_TROJAN,0,False,0.128574489000016,False,1716,0,0,0,1716,0.0,0.0,0.0,True,0,0.0,3
design200,TROJANED,TROJANED,0,False,0.028086124000026302,True,76,169,12,157,64,0.07100591715976332,0.15789473684210525,0.09795918367346938,True,0,2.0979591836734692,3
design201,NO_TROJAN,NO_TROJAN,0,False,0.004261333000044942,True,0,0,0,0,0,0.0,0.0,0.0,True,0,2.0,2
design202,TROJANED,TROJANED,0,False,0.006404148000001442,True,29,249,19,230,10,0.07630522088353414,0.6551724137931034,0.1366906474820144,True,0,2.1366906474820144,3
design203,TROJANED,TROJANED,0,False,0.0032268599999838443,True,41,8,3,5,38,0.375,0.07317073170731707,0.12244897959183673,True,0,2.122448979591837,3
design204,TROJANED,TROJANED,0,False,0.005536883999980091,True,52,49,0,49,52,0.0,0.0,0.0,True,0,2.0,3
design205,TROJANED,TROJANED,0,False,0.0027838240000050973,True,44,7,2,5,42,0.2857142857142857,0.045454545454545456,0.0784313725490196,True,0,2.0784313725490198,3
design206,NO_TROJAN,NO_TROJAN,0,False,0.05104199400000198,True,0,0,0,0,0,0.0,0.0,0.0,True,0,2.0,2
design207,TROJANED,TROJANED,0,False,0.016829393000023174,True,22,81,22,59,0,0.2716049382716049,1.0,0.42718446601941745,True,0,2.4271844660194173,3
design208,TROJANED,TROJANED,0,False,0.007453171999998176,True,71,17,17,0,54,1.0,0.23943661971830985,0.38636363636363635,True,0,2.3863636363636362,3
design209,TROJANED,TROJANED,0,False,0.007955046000006405,True,203,72,64,8,139,0.8888888888888888,0.31527093596059114,0.46545454545454545,True,0,2.4654545454545453,3
design210,TROJANED,TROJANED,0,False,0.025743273999978555,True,76,53,5,48,71,0.09433962264150944,0.06578947368421052,0.07751937984496124,True,0,2.0775193798449614,3
design211,NO_TROJAN,NO_TROJAN,0,False,0.0062683169999786514,True,0,0,0,0,0,0.0,0.0,0.0,True,0,2.0,2
design212,NO_TROJAN,TROJANED,0,False,0.005300632999990285,False,0,44,0,44,0,0.0,0.0,0.0,True,0,0.0,2
design213,NO_TROJAN,TROJANED,0,False,0.05460265400000708,False,0,19,0,19,0,0.0,0.0,0.0,True,0,0.0,2
design214,TROJANED,NO_TROJAN,0,False,0.1102620440000237,False,1719,0,0,0,1719,0.0,0.0,0.0,True,0,0.0,3
design215,TROJANED,TROJANED,0,False,0.009881785999994008,True,71,27,18,9,53,0.6666666666666666,0.2535211267605634,0.3673469387755102,True,0,2.36734693877551,3
design216,NO_TROJAN,NO_TROJAN,0,False,0.05261909000000742,True,0,0,0,0,0,0.0,0.0,0.0,True,0,2.0,2
design217,TROJANED,NO_TROJAN,0,False,0.03782497900004955,False,113,0,0,0,113,0.0,0.0,0.0,True,0,0.0,3
design218,TROJANED,TROJANED,0,False,0.007324572000015905,True,69,15,15,0,54,1.0,0.21739130434782608,0.35714285714285715,True,0,2.357142857142857,3
design219,NO_TROJAN,NO_TROJAN,0,False,0.003124454000044352,True,0,0,0,0,0,0.0,0.0,0.0,True,0,2.0,2
design220,TROJANED,TROJANED,0,False,0.128489677999994,True,77,67,0,67,77,0.0,0.0,0.0,True,0,2.0,3
design221,TROJANED,TROJANED,0,False,0.172322548000011,True,27,31,27,4,0,0.8709677419354839,1.0,0.9310344827586207,True,0,2.9310344827586206,3
design222,TROJANED,TROJANED,0,False,0.006053764000000683,True,22,59,11,48,11,0.1864406779661017,0.5,0.2716049382716049,True,0,2.271604938271605,3
design223,TROJANED,TROJANED,0,False,0.005149213999970925,True,25,43,1,42,24,0.023255813953488372,0.04,0.029411764705882353,True,0,2.0294117647058822,3
design224,TROJANED,TROJANED,0,False,0.10626558300003808,True,77,34,34,0,43,1.0,0.44155844155844154,0.6126126126126126,True,0,2.6126126126126126,3
design225,TROJANED,TROJANED,0,False,0.002794249999965359,True,35,7,2,5,33,0.2857142857142857,0.05714285714285714,0.09523809523809523,True,0,2.0952380952380953,3
design226,NO_TROJAN,TROJANED,0,False,0.0053838059999975485,False,0,43,0,43,0,0.0,0.0,0.0,True,0,0.0,2
design227,TROJANED,TROJANED,0,False,0.006344450000028701,True,52,28,20,8,32,0.7142857142857143,0.38461538461538464,0.5,True,0,2.5,3
design228,NO_TROJAN,TROJANED,0,False,0.44717869000004384,False,0,29,0,29,0,0.0,0.0,0.0,True,0,0.0,2
design229,TROJANED,TROJANED,0,False,0.13009090100001686,True,27,30,27,3,0,0.9,1.0,0.9473684210526315,True,0,2.9473684210526314,3
design230,TROJANED,TROJANED,0,False,0.06762832199996183,True,21,28,21,7,0,0.75,1.0,0.8571428571428571,True,0,2.857142857142857,3
design231,TROJANED,TROJANED,0,False,0.13363613299998178,True,71,58,17,41,54,0.29310344827586204,0.23943661971830985,0.26356589147286824,True,0,2.2635658914728682,3
design232,TROJANED,TROJANED,0,False,0.02775408799999468,True,110,79,76,3,34,0.9620253164556962,0.6909090909090909,0.8042328042328042,True,0,2.804232804232804,3
design233,TROJANED,TROJANED,0,False,0.07020969600000626,True,42,45,42,3,0,0.9333333333333333,1.0,0.9655172413793104,True,0,2.9655172413793105,3
design234,TROJANED,TROJANED,0,False,0.005700434999994286,True,25,43,1,42,24,0.023255813953488372,0.04,0.029411764705882353,True,0,2.0294117647058822,3
design235,TROJANED,NO_TROJAN,0,False,0.016310194000027423,False,41,0,0,0,41,0.0,0.0,0.0,True,0,0.0,3
design236,TROJANED,TROJANED,0,False,0.04428548500004581,True,106,69,1,68,105,0.014492753623188406,0.009433962264150943,0.011428571428571429,True,0,2.0114285714285716,3
design237,TROJANED,TROJANED,0,False,0.025718212000015228,True,72,209,17,192,55,0.08133971291866028,0.2361111111111111,0.12099644128113879,True,0,2.1209964412811386,3
design238,TROJANED,TROJANED,0,False,0.007297200999971665,True,36,290,26,264,10,0.0896551724137931,0.7222222222222222,0.15950920245398773,True,0,2.1595092024539877,3
design239,TROJANED,TROJANED,0,False,0.04531778399996256,True,134,70,0,70,134,0.0,0.0,0.0,True,0,2.0,3
design240,NO_TROJAN,NO_TROJAN,0,False,0.006694447999961994,True,0,0,0,0,0,0.0,0.0,0.0,True,0,2.0,2
design241,NO_TROJAN,NO_TROJAN,0,False,0.026532868000003873,True,0,0,0,0,0,0.0,0.0,0.0,True,0,2.0,2
design242,TROJANED,TROJANED,0,False,0.005896985999982007,True,52,46,32,14,20,0.6956521739130435,0.6153846153846154,0.6530612244897959,True,0,2.6530612244897958,3
design243,TROJANED,TROJANED,0,False,0.007458990999964499,True,146,76,64,12,82,0.8421052631578947,0.4383561643835616,0.5765765765765766,True,0,2.5765765765765765,3
design244,TROJANED,TROJANED,0,False,0.007642952999958652,True,69,15,15,0,54,1.0,0.21739130434782608,0.35714285714285715,True,0,2.357142857142857,3
design245,TROJANED,TROJANED,0,False,0.006297730000028423,True,52,37,26,11,26,0.7027027027027027,0.5,0.5842696629213483,True,0,2.5842696629213484,3
design246,TROJANED,TROJANED,0,False,0.0271761109999602,True,76,104,10,94,66,0.09615384615384616,0.13157894736842105,0.1111111111111111,True,0,2.111111111111111,3
design247,TROJANED,TROJANED,0,False,0.018377435999980207,True,85,26,20,6,65,0.7692307692307693,0.23529411764705882,0.36036036036036034,True,0,2.3603603603603602,3
design248,NO_TROJAN,NO_TROJAN,0,False,0.005547928999988017,True,0,0,0,0,0,0.0,0.0,0.0,True,0,2.0,2
design249,TROJANED,NO_TROJAN,0,False,0.3418918859999849,False,1698,0,0,0,1698,0.0,0.0,0.0,True,0,0.0,3
design250,NO_TROJAN,NO_TROJAN,0,False,0.0521323349999534,True,0,0,0,0,0,0.0,0.0,0.0,True,0,2.0,2
design251,NO_TROJAN,NO_TROJAN,0,False,0.043414068000004136,True,0,0,0,0,0,0.0,0.0,0.0,True,0,2.0,2
design252,TROJANED,TROJANED,0,False,0.00844045400003779,True,31,44,1,43,30,0.022727272727272728,0.03225806451612903,0.02666666666666667,True,0,2.026666666666667,3
design253,TROJANED,TROJANED,0,False,0.00519900299997289,True,52,31,22,9,30,0.7096774193548387,0.4230769230769231,0.5301204819277109,True,0,2.5301204819277108,3
design254,TROJANED,TROJANED,0,False,0.03933319199995822,True,106,89,4,85,102,0.0449438202247191,0.03773584905660377,0.041025641025641026,True,0,2.041025641025641,3
design255,TROJANED,TROJANED,0,False,0.006908214000020507,True,71,27,18,9,53,0.6666666666666666,0.2535211267605634,0.3673469387755102,True,0,2.36734693877551,3
design256,NO_TROJAN,NO_TROJAN,0,False,0.027849849999995513,True,0,0,0,0,0,0.0,0.0,0.0,True,0,2.0,2
design257,TROJANED,NO_TROJAN,0,False,0.37002215200004684,False,1949,0,0,0,1949,0.0,0.0,0.0,True,0,0.0,3
design258,TROJANED,TROJANED,0,False,0.006928785000013704,True,137,74,58,16,79,0.7837837837837838,0.4233576642335766,0.5497630331753555,True,0,2.5497630331753554,3
design259,NO_TROJAN,NO_TROJAN,0,False,0.030127343999993172,True,0,0,0,0,0,0.0,0.0,0.0,True,0,2.0,2
design260,TROJANED,TROJANED,0,False,0.05616069199999174,True,19,25,19,6,0,0.76,1.0,0.8636363636363636,True,0,2.8636363636363638,3
design261,NO_TROJAN,NO_TROJAN,0,False,0.0038711359999865635,True,0,0,0,0,0,0.0,0.0,0.0,True,0,2.0,2
design262,NO_TROJAN,NO_TROJAN,0,False,0.03177147999997487,True,0,0,0,0,0,0.0,0.0,0.0,True,0,2.0,2
design263,TROJANED,TROJANED,0,False,0.11526625800001966,True,31,36,6,30,25,0.16666666666666666,0.1935483870967742,0.1791044776119403,True,0,2.1791044776119404,3
design264,TROJANED,TROJANED,0,False,0.008062485000039032,True,152,133,109,24,43,0.8195488721804511,0.7171052631578947,0.7649122807017544,True,0,2.7649122807017545,3
design265,NO_TROJAN,NO_TROJAN,0,False,0.3827078660000325,True,0,0,0,0,0,0.0,0.0,0.0,True,0,2.0,2
design266,NO_TROJAN,NO_TROJAN,0,False,0.04697009699998489,True,0,0,0,0,0,0.0,0.0,0.0,True,0,2.0,2
design267,NO_TROJAN,NO_TROJAN,0,False,0.05186040699999239,True,0,0,0,0,0,0.0,0.0,0.0,True,0,2.0,2
design268,NO_TROJAN,NO_TROJAN,0,False,0.3840235840000332,True,0,0,0,0,0,0.0,0.0,0.0,True,0,2.0,2
design269,TROJANED,TROJANED,0,False,0.05721509999995078,True,112,44,44,0,68,1.0,0.39285714285714285,0.5641025641025641,True,0,2.564102564102564,3
